id, seq, n, rsa, asa, q3, p[q3_H], p[q3_E], p[q3_C], q8, p[q8_G], p[q8_H], p[q8_I], p[q8_B], p[q8_E], p[q8_S], p[q8_T], p[q8_C], phi, psi, disorder
>vcn,M,1,0.7539525032043457,168.88536071777344,C,4.993464972358197e-05,0.00022533480660058558,0.9997246861457825,C,6.848264092695899e-06,1.621934279683046e-05,9.961956948245643e-07,5.282431447994895e-05,8.020397217478603e-05,0.0001655296073295176,0.00011667351645883173,0.9995607733726501,-87.02224731445312,169.03077697753906,0.9983977675437927
>vcn,Y,2,0.7355499863624573,193.44964641332626,C,0.00032419769559055567,0.0011245576897636056,0.9985511898994446,C,5.170107397134416e-05,0.00013562025560531765,3.776744279093691e-06,0.00021942309103906155,0.00047356917639262974,0.00024513155221939087,0.0003514968848321587,0.9985193610191345,-89.94514465332031,142.15011596679688,0.9965781569480896
>vcn,R,3,0.6788985133171082,186.01819264888763,C,0.0013835172867402434,0.0008020891109481454,0.997814416885376,C,0.00023373357544187456,0.0006296090432442725,6.967335593799362e-06,0.00012521311873570085,0.000413276458857581,0.00045095928362570703,0.0009559789905324578,0.9971843361854553,-81.23472595214844,-7.201568603515625,0.9957147240638733
>vcn,M,4,0.6188455820083618,138.62141036987305,C,0.0016325032338500023,0.000708939041942358,0.9976584911346436,C,0.0002460334508214146,0.0007011753041297197,7.112603725545341e-06,0.00012039893044857308,0.000338314421242103,0.0005461151013150811,0.0008918511448428035,0.9971490502357483,-79.64378356933594,-13.800822257995605,0.9964273571968079
>vcn,Q,5,0.6934782862663269,156.03261440992355,C,0.0014097250532358885,0.0006195544265210629,0.9979706406593323,C,0.00016805430641397834,0.000595077988691628,4.136760253459215e-06,8.457080548396334e-05,0.0003005277831107378,0.0003766606096178293,0.0005386018892750144,0.9979324340820312,-82.08782958984375,-11.55811882019043,0.99636310338974
>vcn,L,6,0.620529055595398,124.72634017467499,C,0.0013565653935074806,0.0009723111288622022,0.9976711869239807,C,0.00017436167399864644,0.0006404196610674262,7.64074229664402e-06,0.0001342418254353106,0.0005001862300559878,0.000546892115380615,0.0006790802581235766,0.9973171353340149,-82.72544860839844,-13.050822257995605,0.9968644976615906
>vcn,L,7,0.6202433109283447,124.66890549659729,C,0.0008420057711191475,0.0010877539170905948,0.9980702996253967,C,0.00010575785563560203,0.00039868144085630774,5.799356586067006e-06,0.00014127908798400313,0.0005361323710530996,0.0005070861079730093,0.0004531516751740128,0.9978522062301636,-86.51408386230469,-0.6550444960594177,0.9977619647979736
>vcn,S,8,0.653791069984436,101.33761584758759,C,0.0005723564536310732,0.0010878671891987324,0.9983397722244263,C,9.609552944311872e-05,0.00034783253795467317,6.150286935735494e-06,0.00014356504834722728,0.0006070995004847646,0.0005113224615342915,0.0004616757796611637,0.9978261590003967,-94.52754974365234,77.82225799560547,0.9977129697799683
>vcn,C,9,0.6260999441146851,104.5586906671524,C,0.00040590850403532386,0.0011171840596944094,0.9984769225120544,C,7.277518307091668e-05,0.00026061967946588993,4.411292593431426e-06,0.00011803366942331195,0.0007022801437415183,0.00047135367640294135,0.0003867072518914938,0.9979838132858276,-96.33917999267578,37.5468635559082,0.998298704624176
>vcn,I,10,0.5972530245780945,117.65884584188461,C,0.0005737096653319895,0.001793373841792345,0.9976328611373901,C,0.00010164538252865896,0.0003815169620793313,5.662218427460175e-06,0.00016471822164021432,0.0012012030929327011,0.0006963339983485639,0.0005076602101325989,0.9969412684440613,-97.20072174072266,40.58832550048828,0.9972443580627441
>vcn,A,11,0.6320762634277344,81.53783798217773,C,0.0003813277289737016,0.0014559791889041662,0.9981626868247986,C,6.466078775702044e-05,0.0002511660277377814,3.91105231756228e-06,0.00012545462232083082,0.0009110465762205422,0.0004941808292642236,0.0003444927860982716,0.9978050589561462,-93.39783477783203,91.28028106689453,0.9978141784667969
>vcn,L,12,0.6645373702049255,133.57201141119003,C,0.00028719549300149083,0.0014084094436839223,0.9983043670654297,C,4.777626963914372e-05,0.00016966724069789052,3.0481182875519153e-06,0.00011677808652166277,0.00085504783783108,0.0004025936359539628,0.00030508756753988564,0.9980999827384949,-96.20526123046875,84.59600067138672,0.9981661438941956
>vcn,S,13,0.6824612617492676,105.78149557113647,C,0.0001951123558683321,0.0014829867286607623,0.9983219504356384,C,5.091290222480893e-05,0.0001206610759254545,3.8378498175006825e-06,0.0001691696234047413,0.0008860250818543136,0.0005831720773130655,0.00035836207098327577,0.9978278279304504,-103.44938659667969,117.69365692138672,0.9988839030265808
>vcn,L,14,0.6847251057624817,137.62974625825882,C,0.0001379965979140252,0.0016166891437023878,0.9982452392578125,C,2.8682577976724133e-05,7.546733831986785e-05,2.5789688606892014e-06,0.00017301486514043063,0.0009442692971788347,0.0005712968413718045,0.0002423359255772084,0.9979623556137085,-100.62291717529297,116.41707611083984,0.9988774657249451
>vcn,A,15,0.6870289444923401,88.62673383951187,C,0.000168157450389117,0.0019056290620937943,0.9979261159896851,C,3.8505586417159066e-05,0.00010098556231241673,3.4847676033678e-06,0.000212751780054532,0.0010724279563874006,0.0004993296461179852,0.00029886324773542583,0.9977735877037048,-94.05787658691406,123.62854766845703,0.9984619617462158
>vcn,L,16,0.7223146557807922,145.18524581193924,C,0.00015482727030757815,0.0016264754813164473,0.9982187151908875,C,3.2245505281025544e-05,7.941298827063292e-05,3.4295890145585872e-06,0.00022994431492406875,0.0008436145726591349,0.0005746480892412364,0.00028240319807082415,0.997954249382019,-96.15758514404297,110.18487548828125,0.9985748529434204
>vcn,V,17,0.7507489323616028,130.63031423091888,C,0.0002883565321099013,0.0011640040902420878,0.9985476136207581,C,5.872889596503228e-05,0.00015885711763985455,6.034261332388269e-06,0.00019463858916424215,0.000591395772062242,0.0006405740277841687,0.00042115812539123,0.9979286193847656,-97.86933898925781,114.58531188964844,0.9980894923210144
>vcn,T,18,0.7333435416221619,126.13508915901184,C,0.0004910085699521005,0.0009607198880985379,0.9985482096672058,C,8.910353790270165e-05,0.00027643702924251556,7.3521846388757695e-06,0.00020552813657559454,0.00045884944847784936,0.0009621025528758764,0.0007797751459293067,0.9972207546234131,-97.20446014404297,85.95356750488281,0.9975288510322571
>vcn,N,19,0.8380560278892517,163.42092543840408,C,0.00029046135023236275,0.0005472776829265058,0.9991621971130371,C,6.163321086205542e-05,0.00012913635873701423,5.488637270900654e-06,8.944587170844898e-05,0.0002962301659863442,0.0014942612033337355,0.000720344134606421,0.9972035884857178,-101.72030639648438,45.720664978027344,0.996841549873352
>vcn,S,20,0.7702598571777344,119.39027786254883,C,0.00033059189445339143,0.0006924509652890265,0.9989769458770752,C,8.626904309494421e-05,0.00017314459546469152,1.0327755262551364e-05,0.00019800056179519743,0.00034114698064513505,0.002974783768877387,0.0010007141390815377,0.9952155351638794,-81.96282958984375,141.02499389648438,0.994083821773529
>vcn,A,21,0.6813528537750244,87.89451813697815,C,0.000185380267794244,0.0020320459734648466,0.9977825284004211,C,7.104034011717886e-05,0.00010225790902040899,6.2100357354211155e-06,0.0006465426413342357,0.0009967790683731437,0.006171462591737509,0.00041906311525963247,0.9915866851806641,-89.4468002319336,133.98182678222656,0.9792888760566711
>vcn,P,22,0.6851222515106201,108.9344379901886,C,0.002161519369110465,0.0029477484058588743,0.9948908090591431,C,0.0005907206214033067,0.000868269125930965,3.8147041777847335e-05,0.00124744838103652,0.0011129669146612287,0.003715671831741929,0.002621276769787073,0.9898055791854858,-62.3887825012207,148.01730346679688,0.9657506942749023
>vcn,T,23,0.6823570132255554,117.36540627479553,C,0.0075575001537799835,0.002988382475450635,0.9894540309906006,C,0.002467881888151169,0.004185629542917013,9.396942186867818e-05,0.0015962657053023577,0.0014562801225110888,0.012215997092425823,0.009307091124355793,0.9686768651008606,-86.83403778076172,104.85334014892578,0.923517644405365
>vcn,S,24,0.7389441728591919,114.53634679317474,C,0.028706012293696404,0.0022812143433839083,0.9690127968788147,C,0.0075388276018202305,0.020821772515773773,0.00025494841975159943,0.0009587775566615164,0.001366330194287002,0.02749282866716385,0.024850066751241684,0.9167165160179138,-80.82622528076172,-2.626800775527954,0.8493263125419617
>vcn,S,25,0.7134703397750854,110.58790266513824,C,0.06148076057434082,0.0031024478375911713,0.9354167580604553,C,0.013600289821624756,0.049540601670742035,0.0004378882877063006,0.0012139466125518084,0.0019178943475708365,0.05001208931207657,0.03725577890872955,0.8460214138031006,-83.04891967773438,-8.477582931518555,0.7154221534729004
>vcn,S,26,0.6034537553787231,93.53533208370209,C,0.12890306115150452,0.00573764881119132,0.8653592467308044,C,0.020743174478411674,0.10294899344444275,0.0006525430362671614,0.0024384506978094578,0.0031373663805425167,0.055213768035173416,0.038108933717012405,0.776756763458252,-83.25536346435547,12.82908821105957,0.5441187620162964
>vcn,T,27,0.5369309782981873,92.35212826728821,C,0.27919551730155945,0.005355645902454853,0.715448796749115,C,0.03219001367688179,0.24699142575263977,0.0010034471051767468,0.0020955228246748447,0.003263289574533701,0.05188116431236267,0.04412047937512398,0.6184546947479248,-79.12176513671875,-25.530893325805664,0.3922981023788452
>vcn,K,28,0.605347752571106,142.862069606781,C,0.4758565127849579,0.00720955990254879,0.5169339179992676,H,0.03902044519782066,0.4536803662776947,0.002000755164772272,0.002428764943033457,0.00471539469435811,0.04891226440668106,0.04732651636004448,0.4019154906272888,-73.611328125,-34.11659622192383,0.25517815351486206
>vcn,K,29,0.5577009916305542,131.6174340248108,H,0.5438568592071533,0.013105954974889755,0.443037211894989,H,0.03464360907673836,0.5040746927261353,0.0022006819490343332,0.003914273343980312,0.008358572609722614,0.03747327998280525,0.04207869991660118,0.36725619435310364,-73.73247528076172,-34.597957611083984,0.168858602643013
>vcn,T,30,0.32414084672927856,55.75222563743591,H,0.6244213581085205,0.01336637232452631,0.36221227049827576,H,0.022797591984272003,0.6101324558258057,0.0023479824885725975,0.003318333299830556,0.008279351517558098,0.029281169176101685,0.03498535230755806,0.2888577878475189,-73.4891586303711,-41.09016036987305,0.10183309763669968
>vcn,Q,31,0.34611284732818604,77.87539064884186,H,0.7976480722427368,0.004798563662916422,0.1975533664226532,H,0.017810683697462082,0.771996796131134,0.0017750404076650739,0.0009756077197380364,0.0034216789063066244,0.011996536515653133,0.019761865958571434,0.1722618043422699,-66.71878814697266,-38.707359313964844,0.08539865165948868
>vcn,L,32,0.42994505167007446,86.41895538568497,H,0.8664533495903015,0.005423157475888729,0.1281234174966812,H,0.012354160659015179,0.8565139770507812,0.0014818221097812057,0.0006258860812522471,0.003980977926403284,0.00803025159984827,0.014430725947022438,0.10258225351572037,-67.77046966552734,-39.29957962036133,0.040706876665353775
>vcn,Q,33,0.44778943061828613,100.75262188911438,H,0.8863769769668579,0.005986680276691914,0.10763630270957947,H,0.009100835770368576,0.867491602897644,0.0008693225681781769,0.0007699065026827157,0.00458515202626586,0.004311899654567242,0.012229882180690765,0.10064134001731873,-67.36940002441406,-39.38502883911133,0.028952529653906822
>vcn,L,34,0.05723057687282562,11.50334595143795,H,0.9568401575088501,0.0016490096459165215,0.04151083901524544,H,0.005507668945938349,0.9447119832038879,0.0009035638067871332,0.0001471441937610507,0.0014318752801045775,0.0020594741217792034,0.0054576643742620945,0.03978065028786659,-63.97495651245117,-41.207763671875,0.015762463212013245
>vcn,E,35,0.3411358892917633,76.07330331206322,H,0.9710525274276733,0.001232730457559228,0.027714790776371956,H,0.003869871608912945,0.9654126763343811,0.0009994044667109847,0.00013363349717110395,0.0008974539814516902,0.001222914201207459,0.004343041684478521,0.023121023550629616,-62.725914001464844,-40.83085632324219,0.01760966144502163
>vcn,H,36,0.5324679613113403,119.27282333374023,H,0.9690304398536682,0.0015242262743413448,0.02944527007639408,H,0.0030728490091860294,0.9635518193244934,0.0012041067238897085,0.00010427185043226928,0.001369896694086492,0.001127605210058391,0.005209996830672026,0.024359438568353653,-65.36016845703125,-40.23866271972656,0.011921468190848827
>vcn,L,37,0.09895136952400208,19.889225274324417,H,0.9823739528656006,0.00107042514719069,0.016555653885006905,H,0.002071251394227147,0.9771818518638611,0.001287982682697475,7.158916560001671e-05,0.0009434268577024341,0.0007972274324856699,0.003279488766565919,0.014367123134434223,-64.00518798828125,-43.052616119384766,0.008412747643887997
>vcn,L,38,0.058213189244270325,11.700851038098335,H,0.9850369095802307,0.0007697435794398189,0.01419331319630146,H,0.0017544328002259135,0.9818016886711121,0.0011493151541799307,6.126953667262569e-05,0.000572787132114172,0.0008616740233264863,0.002519874135032296,0.011278988793492317,-62.51375961303711,-41.56251907348633,0.006122302729636431
>vcn,L,39,0.40470805764198303,81.34631958603859,H,0.9844176769256592,0.0012390677584335208,0.014343230985105038,H,0.0017602446023374796,0.9814785718917847,0.0019707591272890568,7.543434912804514e-05,0.0009140793699771166,0.0007406182703562081,0.003157257102429867,0.009903029538691044,-64.04077911376953,-40.78292465209961,0.006904989015311003
>vcn,D,40,0.3988347351551056,76.97510388493538,H,0.983619749546051,0.0008753881556913257,0.015504896640777588,H,0.002027311362326145,0.9810189604759216,0.0021283922251313925,7.240494596771896e-05,0.0006567222881130874,0.0006620087660849094,0.0046323081478476524,0.00880185142159462,-64.61980438232422,-39.38134765625,0.006635955534875393
>vcn,L,41,0.0367983914911747,7.396476689726114,H,0.9834529757499695,0.0005091472994536161,0.0160378310829401,H,0.001280317548662424,0.9810784459114075,0.0019980459474027157,4.6255830966401845e-05,0.0003638849302660674,0.0008799669449217618,0.0044242157600820065,0.009929000400006771,-63.72296905517578,-41.695892333984375,0.004866849165409803
>vcn,Q,42,0.22626034915447235,50.90857855975628,H,0.9831788539886475,0.0007260385318659246,0.016095101833343506,H,0.0016196834621950984,0.9799048900604248,0.0028517793398350477,0.00010246500460198149,0.00042316646431572735,0.0009033795795403421,0.004117128439247608,0.010077547281980515,-61.98533630371094,-41.29637908935547,0.007640344090759754
>vcn,M,43,0.4543677270412445,101.77837085723877,H,0.9848151206970215,0.001047760946676135,0.014137106947600842,H,0.0016040942864492536,0.9792568683624268,0.00438536424189806,8.38996929815039e-05,0.0007818503072485328,0.0009282705723308027,0.0038837208412587643,0.009075921960175037,-64.03201293945312,-41.50343704223633,0.006331987213343382
>vcn,V,44,0.14853832125663757,25.845667898654938,H,0.9902723431587219,0.001021072268486023,0.008706504479050636,H,0.001143671222962439,0.9839469194412231,0.005623772274702787,7.647493475815281e-05,0.0007115285843610764,0.0005715682054869831,0.0027646508533507586,0.005161352455615997,-63.294105529785156,-44.30575942993164,0.004901329521089792
>vcn,I,45,0.04296576604247093,8.464255910366774,H,0.9848814010620117,0.0013952783774584532,0.013723333366215229,H,0.0016981716034933925,0.9742382168769836,0.009615481831133366,0.00014884825213812292,0.0009377491660416126,0.0012609147233888507,0.004313814919441938,0.007786816917359829,-62.9609375,-43.27517318725586,0.0063845328986644745
>vcn,L,46,0.3425811529159546,68.85881173610687,H,0.9702165722846985,0.0017960350960493088,0.027987372130155563,H,0.003816871205344796,0.9597174525260925,0.010042429901659489,0.0002345926477573812,0.0011854392942041159,0.0019828719086945057,0.009916923008859158,0.013103334233164787,-63.49211120605469,-40.16602325439453,0.007707562763243914
>vcn,N,47,0.5323594808578491,103.81009876728058,H,0.9416358470916748,0.0013937314506620169,0.05697046220302582,H,0.006757043767720461,0.9254282116889954,0.018258465453982353,0.0002504646545276046,0.0009097927249968052,0.0035087591968476772,0.02668551541864872,0.018201783299446106,-66.3316650390625,-35.43598937988281,0.009810901246964931
>vcn,G,48,0.08802733570337296,9.154842913150787,H,0.8987337946891785,0.0008445479325018823,0.10042166709899902,H,0.014010531827807426,0.8837301731109619,0.016117146238684654,0.0002601018641144037,0.000505782722029835,0.007946262136101723,0.044136907905340195,0.03329312801361084,-64.02564239501953,-38.3592414855957,0.009841622784733772
>vcn,I,49,0.1489635556936264,29.3458204716444,H,0.8783812522888184,0.002426145365461707,0.11919251829385757,H,0.044413596391677856,0.8098903894424438,0.02331078052520752,0.0014408276183530688,0.001385296112857759,0.01575446128845215,0.05453639104962349,0.04926831275224686,-65.19136047363281,-37.10097885131836,0.018312057480216026
>vcn,N,50,0.643354594707489,125.45414596796036,H,0.8092188835144043,0.002493428997695446,0.1882876455783844,H,0.06840979307889938,0.724754273891449,0.01417976152151823,0.0012543360935524106,0.0016959928907454014,0.014754251576960087,0.11270090192556381,0.062250759452581406,-68.03388977050781,-28.772016525268555,0.02464650385081768
>vcn,N,51,0.44408586621284485,86.59674391150475,H,0.5937329530715942,0.0027923458255827427,0.40347474813461304,H,0.08524314314126968,0.471303254365921,0.015060827136039734,0.0018968539079651237,0.001605485682375729,0.039930734783411026,0.2684245705604553,0.11653506010770798,-79.72344207763672,-15.04994010925293,0.03754720836877823
>vcn,Y,52,0.2712891697883606,71.34905165433884,C,0.41984760761260986,0.007410851307213306,0.5727415680885315,H,0.1177099421620369,0.29282402992248535,0.007590849418193102,0.005762935616075993,0.003665818367153406,0.09755737334489822,0.25119748711586,0.22369155287742615,-80.4253921508789,-12.407812118530273,0.04448511824011803
>vcn,K,53,0.6232601404190063,147.0893931388855,C,0.267694354057312,0.00949173979461193,0.7228139042854309,C,0.08931436389684677,0.16841542720794678,0.0026680629234761,0.0056005860678851604,0.005315117072314024,0.16309811174869537,0.2710852324962616,0.29450303316116333,-81.93566131591797,-10.723163604736328,0.05134386196732521
>vcn,N,54,0.4498995840549469,87.73041889071465,C,0.025729559361934662,0.00366538530215621,0.9706050157546997,C,0.007298816926777363,0.015995599329471588,0.0001852785935625434,0.002217944012954831,0.0018871661741286516,0.2691522240638733,0.028415489941835403,0.674847424030304,-99.1600570678711,106.25736236572266,0.06622080504894257
>vcn,P,55,0.485601007938385,77.21056026220322,C,0.3553837537765503,0.003980282228440046,0.6406359076499939,C,0.1728445589542389,0.19191502034664154,0.0007949910359457135,0.0014462386025115848,0.0024637198075652122,0.06974562257528305,0.23230651021003723,0.32848331332206726,-63.377784729003906,-18.7611083984375,0.07434026896953583
>vcn,K,56,0.5873897671699524,138.62398505210876,C,0.42112284898757935,0.010445044375956059,0.568432092666626,C,0.19876764714717865,0.22101813554763794,0.0011872741160914302,0.004887733142822981,0.0075854286551475525,0.06478665769100189,0.20457395911216736,0.29719313979148865,-76.63590240478516,-14.591574668884277,0.07423379272222519
>vcn,L,57,0.2181433141231537,43.84680613875389,C,0.4919740855693817,0.01581561751663685,0.4922102391719818,C,0.2078401744365692,0.2643827497959137,0.0027265436947345734,0.007408337667584419,0.010427589528262615,0.09080906957387924,0.1184011846780777,0.29800429940223694,-79.73506164550781,-12.275151252746582,0.06629296392202377
>vcn,T,58,0.3656975030899048,62.89997053146362,C,0.4472547173500061,0.02372269332408905,0.5290225744247437,C,0.1156889945268631,0.30667760968208313,0.003161744913086295,0.010216357186436653,0.015382898040115833,0.08421728760004044,0.10114006698131561,0.3635150194168091,-79.92585754394531,-18.251039505004883,0.08212901651859283
>vcn,R,59,0.5164901614189148,141.51830422878265,C,0.42632654309272766,0.03461524844169617,0.5390581488609314,C,0.130178302526474,0.28327399492263794,0.005303120706230402,0.012260019779205322,0.025573665276169777,0.09080664068460464,0.1356765180826187,0.3169277608394623,-77.65664672851562,-16.958913803100586,0.10625459998846054
>vcn,M,60,0.28891757130622864,64.71753597259521,C,0.42757758498191833,0.03434094041585922,0.5380815267562866,C,0.14819449186325073,0.2569645941257477,0.004283903166651726,0.01115074846893549,0.02493075281381607,0.09101762622594833,0.12253555655479431,0.3409222662448883,-80.99700927734375,-10.540766716003418,0.09504180401563644
>vcn,L,61,0.2703665494918823,54.34367644786835,C,0.3498665392398834,0.05948770418763161,0.5906457901000977,C,0.12091042846441269,0.21810409426689148,0.003129644552245736,0.0176389217376709,0.0414414256811142,0.11636252701282501,0.10569826513528824,0.37671470642089844,-81.62640380859375,6.311960697174072,0.08078885078430176
>vcn,T,62,0.3911663889884949,67.28061890602112,C,0.2786756157875061,0.07904250919818878,0.6422818899154663,C,0.09456776082515717,0.17045463621616364,0.003200327279046178,0.0256709773093462,0.0531991645693779,0.10479568690061569,0.11835000663995743,0.42976143956184387,-90.77195739746094,37.94527053833008,0.09146710485219955
>vcn,F,63,0.24933212995529175,59.83971118927002,C,0.29163381457328796,0.07389185577630997,0.6344742774963379,C,0.13801370561122894,0.15662351250648499,0.003294446272775531,0.01994200237095356,0.05086802691221237,0.12770861387252808,0.12190274149179459,0.38164693117141724,-85.57755279541016,38.64626693725586,0.0741555467247963
>vcn,K,64,0.4964888393878937,117.17136609554291,C,0.27431267499923706,0.05063978582620621,0.6750475168228149,C,0.13374769687652588,0.13177159428596497,0.0026671881787478924,0.014493566006422043,0.03776092454791069,0.12143810093402863,0.15777316689491272,0.4003477394580841,-81.40211486816406,8.445438385009766,0.07501255720853806
>vcn,F,65,0.26871123909950256,64.49069738388062,C,0.2318357229232788,0.07502515614032745,0.6931391358375549,C,0.1289992481470108,0.10942818969488144,0.0026874502655118704,0.0198970939964056,0.05086376518011093,0.15086711943149567,0.16766947507858276,0.3695877194404602,-90.64276123046875,35.86300277709961,0.0543619729578495
>vcn,Y,66,0.33566781878471375,88.28063634037971,C,0.1633974015712738,0.0903744027018547,0.7462282180786133,C,0.08503787219524384,0.07426388561725616,0.0023579122498631477,0.03221883252263069,0.05326058343052864,0.1828566938638687,0.16486242413520813,0.40514177083969116,-98.6224365234375,60.26284408569336,0.05676247179508209
>vcn,M,67,0.26124483346939087,58.518842697143555,C,0.018260395154356956,0.03637147694826126,0.9453681707382202,C,0.00568300299346447,0.009106338955461979,0.00022262432321440428,0.013127473182976246,0.019984932616353035,0.281480997800827,0.02005000412464142,0.6503446698188782,-96.71146392822266,127.608642578125,0.05856984853744507
>vcn,P,68,0.28211089968681335,44.85563305020332,C,0.04922258108854294,0.01357179507613182,0.9372057318687439,C,0.013528198935091496,0.02037016674876213,9.755371866049245e-05,0.003879786469042301,0.007831428200006485,0.05682307481765747,0.03415711224079132,0.8633126616477966,-62.65523910522461,148.3277587890625,0.05314493551850319
>vcn,K,69,0.6370935440063477,150.35407638549805,C,0.21533767879009247,0.016517920419573784,0.7681443691253662,C,0.06498318910598755,0.12586429715156555,0.0006740427925251424,0.006600960157811642,0.01143865380436182,0.19182188808918,0.13337086141109467,0.46524617075920105,-75.98997497558594,-19.120628356933594,0.07518380880355835
>vcn,K,70,0.5914294719696045,139.57735538482666,C,0.2761131823062897,0.02124565653502941,0.7026412487030029,C,0.0840892642736435,0.16389630734920502,0.000893832475412637,0.010462895035743713,0.01432239543646574,0.14235936105251312,0.1516525149345398,0.4323233962059021,-82.94229888916016,57.27302551269531,0.08063273131847382
>vcn,A,71,0.32850754261016846,42.37747299671173,C,0.423871248960495,0.012767569161951542,0.5633611679077148,C,0.08636962622404099,0.30103859305381775,0.0010388396913185716,0.004732688423246145,0.009320099838078022,0.08889957517385483,0.079319529235363,0.4292810261249542,-71.4029769897461,-21.557945251464844,0.08436252921819687
>vcn,T,72,0.5353745222091675,92.0844178199768,H,0.5023598074913025,0.020087065175175667,0.4775530993938446,H,0.07071882486343384,0.4100658893585205,0.0024459916166961193,0.0068031554110348225,0.014263331890106201,0.08334698528051376,0.07973108440637589,0.3326246738433838,-79.38016510009766,-31.759063720703125,0.07896628975868225
>vcn,E,73,0.4461566209793091,99.49292647838593,H,0.6172348260879517,0.017898710444569588,0.3648664653301239,H,0.0829429104924202,0.508560836315155,0.0029102873522788286,0.0059219361282885075,0.014533980749547482,0.046573396772146225,0.087392657995224,0.25116395950317383,-72.81922912597656,-27.762849807739258,0.062905453145504
>vcn,L,74,0.27980688214302063,56.24118331074715,H,0.7175637483596802,0.011255096644163132,0.2711811661720276,H,0.08397089689970016,0.621868908405304,0.002818387234583497,0.0034293883945792913,0.009074568748474121,0.03539227694272995,0.05389183759689331,0.18955370783805847,-68.8477783203125,-31.978878021240234,0.05382103472948074
>vcn,K,75,0.5493035912513733,129.6356475353241,H,0.7542350888252258,0.012082685716450214,0.23368217051029205,H,0.058742277324199677,0.6957530975341797,0.00351535202935338,0.0030346540734171867,0.009543928317725658,0.027626097202301025,0.05844036489725113,0.1433442085981369,-70.13697052001953,-34.49000930786133,0.039981938898563385
>vcn,H,76,0.3233036696910858,72.42002201080322,H,0.732819139957428,0.010175922885537148,0.2570049464702606,H,0.05002661794424057,0.6794885396957397,0.004590389784425497,0.002787507837638259,0.007697348482906818,0.027137672528624535,0.06726020574569702,0.1610117256641388,-72.25284576416016,-30.35395050048828,0.03772878646850586
>vcn,L,77,0.13482727110385895,27.10028149187565,H,0.8692417740821838,0.004260769579559565,0.12649747729301453,H,0.028419986367225647,0.8353093266487122,0.0023100003600120544,0.0008837609784677625,0.0034909381065517664,0.012729853391647339,0.021958516910672188,0.09489761292934418,-65.6056900024414,-37.27516174316406,0.021676383912563324
>vcn,Q,78,0.5587049126625061,125.70860534906387,H,0.9124993085861206,0.005391542799770832,0.08210918307304382,H,0.02215270698070526,0.8840999007225037,0.0032415450550615788,0.0009241975494660437,0.004575544036924839,0.006507399957627058,0.021209318190813065,0.057289399206638336,-65.64847564697266,-39.22520065307617,0.023837825283408165
>vcn,C,79,0.2195580005645752,36.66618609428406,H,0.9227696061134338,0.003621524665504694,0.0736088752746582,H,0.026818247511982918,0.8920981884002686,0.005856718868017197,0.0006004748283885419,0.002857109298929572,0.005766639485955238,0.026514211669564247,0.03948841243982315,-65.4029769897461,-40.02482223510742,0.01411418430507183
>vcn,L,80,0.034898269921541214,7.014552254229784,H,0.9345383644104004,0.002812336664646864,0.06264931708574295,H,0.03684736043214798,0.8825989365577698,0.01499011367559433,0.0007174222846515477,0.002045467495918274,0.007690609432756901,0.024341998621821404,0.030768126249313354,-66.41087341308594,-38.26449966430664,0.012707802467048168
>vcn,E,81,0.3767666816711426,84.0189700126648,H,0.9445275664329529,0.002321479609236121,0.05315094813704491,H,0.03646773099899292,0.8849385976791382,0.023745184764266014,0.0008545255404897034,0.0015376789961010218,0.004566817544400692,0.025754965841770172,0.02213454246520996,-63.17387771606445,-39.40616989135742,0.017823101952672005
>vcn,E,82,0.6364492774009705,141.9281888604164,H,0.9217856526374817,0.002716504503041506,0.07549785077571869,H,0.03801760822534561,0.8573624491691589,0.03245189040899277,0.0006634702440351248,0.0020114879589527845,0.006873301230370998,0.0414753332734108,0.021144388243556023,-68.63462829589844,-37.01774597167969,0.015898121520876884
>vcn,E,83,0.21935471892356873,48.916102319955826,H,0.8409593105316162,0.0034932682756334543,0.15554741024971008,H,0.052829716354608536,0.7700854539871216,0.021264920011162758,0.001022573676891625,0.0019727509934455156,0.01253238320350647,0.10178607702255249,0.03850612789392471,-73.9698257446289,-32.26816940307617,0.013504412025213242
>vcn,L,84,0.03908003494143486,7.855087023228407,H,0.7985538244247437,0.002218683948740363,0.1992274522781372,H,0.026793276891112328,0.8024382591247559,0.010232677683234215,0.0007987595745362341,0.0011213014367967844,0.031124021857976913,0.04999406635761261,0.07749766856431961,-69.38692474365234,-31.587766647338867,0.006818139925599098
>vcn,K,85,0.5025635957717896,118.60500860214233,H,0.947733461856842,0.0009901815792545676,0.051276400685310364,H,0.010979303158819675,0.949669599533081,0.002643404295668006,0.0002178513677790761,0.00045600917655974627,0.0034824968315660954,0.014212191104888916,0.018339112401008606,-60.92613983154297,-42.42561340332031,0.007100820541381836
>vcn,P,86,0.30181682109832764,47.988874554634094,H,0.9513773322105408,0.001163721433840692,0.047458913177251816,H,0.014809200540184975,0.9424034953117371,0.0014537639217451215,0.00015437582624144852,0.0007450910052284598,0.002810162492096424,0.015816323459148407,0.021807609125971794,-61.713218688964844,-38.54219055175781,0.007187619339674711
>vcn,L,87,0.025164999067783356,5.0581648126244545,H,0.9769710898399353,0.00042829554877243936,0.022600680589675903,H,0.007854188792407513,0.9667255282402039,0.0010507975239306688,7.38289236323908e-05,0.00035683816531673074,0.0017135789385065436,0.0057704816572368145,0.01645486056804657,-64.51322937011719,-40.158912658691406,0.005437005311250687
>vcn,E,88,0.33574119210243225,74.87028583884239,H,0.9908428192138672,0.00043317952076904476,0.008723999373614788,H,0.00207971571944654,0.9879826307296753,0.0011751289712265134,5.782212974736467e-05,0.00023786445672158152,0.0004274275852367282,0.002119143959134817,0.005920322146266699,-61.79475402832031,-41.88655471801758,0.006896955892443657
>vcn,E,89,0.5716041922569275,127.46773487329483,H,0.9890617728233337,0.0007207833114080131,0.010217462666332722,H,0.0018951439997181296,0.9855765700340271,0.002110561588779092,5.701060945284553e-05,0.000582227308768779,0.0004890864947810769,0.003136229468509555,0.0061531453393399715,-63.48514938354492,-41.95808792114258,0.006389525718986988
>vcn,V,90,0.08744599670171738,15.215603426098824,H,0.9869595170021057,0.0007073234883137047,0.01233320590108633,H,0.0020091093610972166,0.9810512065887451,0.004688933491706848,6.578191096195951e-05,0.000505636737216264,0.000748062040656805,0.004443033132702112,0.006488208658993244,-63.629486083984375,-44.45294189453125,0.006658773869276047
>vcn,L,91,0.052862364798784256,10.625335324555635,H,0.9774053692817688,0.0005150711513124406,0.022079473361372948,H,0.0023699502926319838,0.9772061109542847,0.002628062153235078,6.763468263670802e-05,0.0002928942267317325,0.001176884863525629,0.005513736978173256,0.010744716972112656,-62.23434829711914,-40.450016021728516,0.0065983054228127
>vcn,N,92,0.5638272166252136,109.94630724191666,H,0.9616388082504272,0.000821539550088346,0.03753972798585892,H,0.004915952682495117,0.9601956605911255,0.0041065155528485775,0.00013926916290074587,0.00047198429820127785,0.001414517522789538,0.013077483512461185,0.015678679570555687,-63.4804573059082,-38.615997314453125,0.012902945280075073
>vcn,L,93,0.39102429151535034,78.59588259458542,H,0.9265478849411011,0.0013739671558141708,0.0720781683921814,H,0.009008877910673618,0.9235209822654724,0.005952560808509588,0.000226811709580943,0.000979648670181632,0.003967417869716883,0.02975831925868988,0.026585368439555168,-65.66157531738281,-38.87593078613281,0.018770834431052208
>vcn,A,94,0.0709458589553833,9.152015805244446,H,0.8396950960159302,0.000939061981625855,0.15936584770679474,H,0.018709342926740646,0.8420045971870422,0.003485320135951042,0.0002952486975118518,0.0005678083398379385,0.01020665094256401,0.059850387275218964,0.06488068401813507,-66.3698501586914,-34.74386978149414,0.024237174540758133
>vcn,Q,95,0.5087168216705322,114.46128487586975,H,0.7214709520339966,0.002606016583740711,0.2759229838848114,H,0.0422917865216732,0.6940217614173889,0.003479528473690152,0.001193261705338955,0.0014123850269243121,0.018468795344233513,0.14372502267360687,0.0954074040055275,-67.73331451416016,-31.203908920288086,0.046361278742551804
>vcn,S,96,0.6938213109970093,107.54230320453644,H,0.5301005244255066,0.003245065687224269,0.46665436029434204,H,0.051773034036159515,0.49595531821250916,0.005041258875280619,0.0012839882401749492,0.002175364177674055,0.05089651048183441,0.2732391357421875,0.11963536590337753,-75.7954330444336,-18.499235153198242,0.055213116109371185
>vcn,K,97,0.5252500176429749,123.95900416374207,C,0.21268826723098755,0.003044299315661192,0.7842674851417542,T,0.047208819538354874,0.1671387404203415,0.0031967998947948217,0.002048528753221035,0.0015309863956645131,0.19790741801261902,0.42421701550483704,0.15675164759159088,-87.74533081054688,1.5991709232330322,0.06871122866868973
>vcn,N,98,0.7052844762802124,137.53047287464142,C,0.07795096933841705,0.004935847129672766,0.917113184928894,C,0.03642675653100014,0.036364875733852386,0.0010815308196470141,0.002395803341642022,0.0034693502821028233,0.1054399386048317,0.38014382123947144,0.4346778988838196,-31.183900833129883,41.25394821166992,0.08723092824220657
>vcn,F,99,0.2508276402950287,60.198633670806885,C,0.10586578398942947,0.02214566059410572,0.8719885945320129,C,0.06332527101039886,0.04247007146477699,0.0005915911751799285,0.009459096007049084,0.013950139284133911,0.13681769371032715,0.13373960554599762,0.5996465682983398,-90.22799682617188,61.34881591796875,0.06300759315490723
>vcn,H,100,0.6479401588439941,145.1385955810547,C,0.0936371237039566,0.03015109710395336,0.8762117624282837,C,0.05699888616800308,0.03317504748702049,0.0004807877994608134,0.010693727061152458,0.02111995592713356,0.14570267498493195,0.15958426892757416,0.5722445845603943,-93.40097045898438,41.545753479003906,0.06981837004423141
>vcn,L,101,0.23036421835422516,46.30320788919926,C,0.055514607578516006,0.04214312508702278,0.9023423194885254,C,0.019987696781754494,0.027415618300437927,0.000396175921196118,0.021258188411593437,0.023590728640556335,0.2739073634147644,0.037605803459882736,0.5958384275436401,-93.3704833984375,133.15191650390625,0.038883280009031296
>vcn,R,102,0.4508758783340454,123.53999066352844,C,0.06955571472644806,0.018573885783553123,0.9118703603744507,C,0.008046948350965977,0.049158357083797455,0.00020980263070669025,0.00920388475060463,0.009219338186085224,0.07480208575725555,0.02426168881356716,0.8250978589057922,-83.86460876464844,128.76382446289062,0.049904052168130875
>vcn,P,103,0.21336884796619415,33.92564682662487,H,0.581554651260376,0.006883079651743174,0.4115622639656067,H,0.07103031128644943,0.4970174729824066,0.0013483946677297354,0.002099767094478011,0.004832723643630743,0.036674171686172485,0.09224392473697662,0.29475322365760803,-61.43123245239258,-31.107948303222656,0.03578712046146393
>vcn,R,104,0.5657892227172852,155.02624702453613,H,0.7642536163330078,0.006905960384756327,0.2288404405117035,H,0.06827443093061447,0.6915864944458008,0.002529870020225644,0.0023215869441628456,0.005216894671320915,0.033826377242803574,0.07390043884515762,0.12234383076429367,-67.34949493408203,-36.32896423339844,0.041505150496959686
>vcn,D,105,0.4432053565979004,85.53863382339478,H,0.7969964742660522,0.007909133099019527,0.19509437680244446,H,0.0618671216070652,0.7117530703544617,0.0026241103187203407,0.0023085421416908503,0.006466170307248831,0.023863516747951508,0.05535247549414635,0.1357649564743042,-71.652099609375,-31.76858139038086,0.02811977081000805
>vcn,L,106,0.059756454080343246,12.011047270148993,H,0.8983367085456848,0.0047561475075781345,0.0969071090221405,H,0.025122320279479027,0.8646084666252136,0.004374328069388866,0.0010147186694666743,0.0034741011913865805,0.01342831552028656,0.023357484489679337,0.06462030112743378,-67.62230682373047,-40.40402603149414,0.022870438173413277
>vcn,I,107,0.1617768257856369,31.87003467977047,H,0.9168365597724915,0.005270897410809994,0.07789258658885956,H,0.016555216163396835,0.8985790014266968,0.004156496841460466,0.0011210027150809765,0.003535900730639696,0.009388878010213375,0.016405560076236725,0.05025797337293625,-64.66093444824219,-40.16365432739258,0.024870969355106354
>vcn,S,108,0.44653162360191345,69.21240165829659,H,0.8952428102493286,0.005448341369628906,0.09930888563394547,H,0.018073905259370804,0.8808076977729797,0.005299065262079239,0.0006919782026670873,0.004442375618964434,0.009986733086407185,0.02673356793820858,0.053964756429195404,-67.0292739868164,-37.971004486083984,0.01871514320373535
>vcn,N,109,0.26584240794181824,51.839269548654556,H,0.8796839118003845,0.003376631299033761,0.116939477622509,H,0.01801588200032711,0.8656316995620728,0.0057992818765342236,0.0008435693453066051,0.002254499588161707,0.009189948439598083,0.043953582644462585,0.054311592131853104,-70.66313934326172,-32.841583251953125,0.01639062725007534
>vcn,I,110,0.04165753722190857,8.206534832715988,H,0.9458284974098206,0.0013142803218215704,0.05285720154643059,H,0.006609973963350058,0.9359577298164368,0.004362841136753559,0.00025571472360752523,0.0009232109878212214,0.005886062514036894,0.00912642851471901,0.036878086626529694,-64.26785278320312,-41.1276741027832,0.014619633555412292
>vcn,N,111,0.45831283926963806,89.37100365757942,H,0.9646981358528137,0.0014152021612972021,0.03388666361570358,H,0.0065940250642597675,0.9567744731903076,0.003946593031287193,0.0002357916528126225,0.000891020696144551,0.0021842182613909245,0.00809493288397789,0.021279042586684227,-64.09788513183594,-39.741241455078125,0.014143002219498158
>vcn,V,112,0.40442344546318054,70.36967951059341,H,0.9711710214614868,0.0023371048737317324,0.026491917669773102,H,0.005282748956233263,0.960629940032959,0.005838173441588879,0.00024742845562286675,0.0018162560882046819,0.001979476772248745,0.00820742268115282,0.01599844917654991,-64.62992858886719,-42.57790756225586,0.012739483267068863
>vcn,I,113,0.04528181999921799,8.920518539845943,H,0.9745416641235352,0.0016229988541454077,0.023835355415940285,H,0.005179584491997957,0.962561845779419,0.007261696271598339,0.00019353555398993194,0.0013064248487353325,0.0020231371745467186,0.006237007677555084,0.015236816368997097,-63.765438079833984,-44.424072265625,0.013007603585720062
>vcn,V,114,0.11363188922405243,19.771948724985123,H,0.971950888633728,0.0020197404082864523,0.026029301807284355,H,0.006957928650081158,0.9562665224075317,0.009706026874482632,0.0003525277425069362,0.001343340496532619,0.002029233844950795,0.0076453653164207935,0.01569904200732708,-62.84149169921875,-41.932395935058594,0.015242652036249638
>vcn,L,115,0.5495096445083618,110.45143854618073,H,0.9348081946372986,0.004486679099500179,0.060705043375492096,H,0.01723596826195717,0.9096914529800415,0.011258968152105808,0.0006062131724320352,0.003725047456100583,0.003940673545002937,0.026869799941778183,0.026671873405575752,-65.93409729003906,-38.0125617980957,0.018802501261234283
>vcn,E,116,0.41309911012649536,92.12110155820847,H,0.9021692872047424,0.003390587866306305,0.09444010257720947,H,0.02626260742545128,0.8602421283721924,0.014910210855305195,0.0006911540986038744,0.0024170519318431616,0.006167642306536436,0.0609210729598999,0.028388213366270065,-69.34317016601562,-33.95608901977539,0.025531083345413208
>vcn,L,117,0.07580006867647171,15.235813803970814,H,0.6486285924911499,0.004015280399471521,0.3473561108112335,H,0.027217714115977287,0.6651809215545654,0.004957495257258415,0.001531796297058463,0.002228519879281521,0.0343061201274395,0.12971609830856323,0.13486133515834808,-75.70452117919922,-22.16769027709961,0.028722044080495834
>vcn,K,118,0.5476105213165283,129.23608303070068,C,0.38534167408943176,0.00989040918648243,0.604767918586731,H,0.04384699463844299,0.35738998651504517,0.0037366203032433987,0.005093579180538654,0.005310899578034878,0.048866156488657,0.29029351472854614,0.24546225368976593,-70.33972930908203,-12.135470390319824,0.07730855792760849
>vcn,G,119,0.6183983683586121,64.31343030929565,C,0.2490028589963913,0.006499908398836851,0.7444971799850464,T,0.04985707625746727,0.20556023716926575,0.006641894578933716,0.003030813066288829,0.004507660400122404,0.12316626310348511,0.34441879391670227,0.26281726360321045,-62.450233459472656,-15.628874778747559,0.11159272491931915
>vcn,S,120,0.4010434150695801,62.16172933578491,C,0.19190658628940582,0.008659755811095238,0.799433708190918,C,0.043445609509944916,0.14148469269275665,0.00247256294824183,0.005104174371808767,0.005199905950576067,0.1656951904296875,0.12566393613815308,0.5109339356422424,-84.25236511230469,47.555912017822266,0.14281706511974335
>vcn,E,121,0.5736675262451172,127.92785835266113,C,0.30270251631736755,0.010355362668633461,0.6869421005249023,C,0.10807140171527863,0.18806928396224976,0.0016890078550204635,0.004522960167378187,0.007577937096357346,0.11339399963617325,0.17093275487422943,0.40574267506599426,-73.67939758300781,-16.373458862304688,0.16659173369407654
>vcn,T,122,0.5644490718841553,97.0852403640747,C,0.32233041524887085,0.017741089686751366,0.6599285006523132,C,0.12775489687919617,0.19588270783424377,0.0019924407824873924,0.005415439605712891,0.01332602184265852,0.13936996459960938,0.17622458934783936,0.34003397822380066,-85.09960174560547,-14.224350929260254,0.14753003418445587
>vcn,T,123,0.49855971336364746,85.75227069854736,C,0.3032459020614624,0.047753892838954926,0.6490001678466797,C,0.12643064558506012,0.18531417846679688,0.0021889822091907263,0.013228327967226505,0.03387225419282913,0.1231369748711586,0.17603212594985962,0.3397965729236603,-92.41783142089844,-3.276681661605835,0.11417116224765778
>vcn,F,124,0.1949477642774582,46.787463426589966,C,0.21398082375526428,0.06904847174882889,0.716970682144165,C,0.09220412373542786,0.11331091076135635,0.0017496309010311961,0.02094149775803089,0.04316342994570732,0.18778282403945923,0.1064743921160698,0.4343731999397278,-94.1890640258789,83.6893081665039,0.09282417595386505
>vcn,M,125,0.4161592125892639,93.21966361999512,C,0.1950722336769104,0.0842045396566391,0.7207231521606445,C,0.07300809770822525,0.1010383814573288,0.0017841174267232418,0.03013223223388195,0.05204491689801216,0.09644181281328201,0.1037319004535675,0.5418184995651245,-89.04264831542969,76.9690170288086,0.13407805562019348
>vcn,C,126,0.20899268984794617,34.90177920460701,C,0.21359863877296448,0.05173768848180771,0.734663724899292,C,0.10805760324001312,0.11728764325380325,0.001174024771898985,0.016858024522662163,0.03506249934434891,0.10047547519207001,0.12109499424695969,0.4999896287918091,-84.47047424316406,58.08688735961914,0.09340568631887436
>vcn,E,127,0.6507506966590881,145.11740535497665,C,0.24887707829475403,0.0402633361518383,0.7108595967292786,C,0.12458908557891846,0.12610489130020142,0.0018140424508601427,0.011080736294388771,0.032403673976659775,0.14694742858409882,0.1941109597682953,0.3629491925239563,-80.54396057128906,-7.4388957023620605,0.11856995522975922
>vcn,Y,128,0.40407437086105347,106.27155953645706,C,0.25361770391464233,0.03335654363036156,0.7130257487297058,C,0.11057940125465393,0.1398908793926239,0.002239655703306198,0.012105756439268589,0.02125767432153225,0.1675279140472412,0.1906004399061203,0.35579830408096313,-93.5148696899414,38.07763671875,0.09805770963430405
>vcn,A,129,0.32618415355682373,42.07775580883026,C,0.2594892084598541,0.018755333498120308,0.7217554450035095,C,0.043393753468990326,0.19475044310092926,0.0014899313682690263,0.0064726583659648895,0.011557154357433319,0.1280319094657898,0.08640538901090622,0.5278987884521484,-78.24089050292969,97.34729766845703,0.08476518094539642
>vcn,D,130,0.49078091979026794,94.72071751952171,C,0.3888125717639923,0.007891368120908737,0.6032960414886475,C,0.039794448763132095,0.3646441400051117,0.0017061339458450675,0.0034916484728455544,0.005009635351598263,0.10082822293043137,0.07749046385288239,0.40703529119491577,-74.21426391601562,-19.29016876220703,0.06043090298771858
>vcn,E,131,0.6267690062522888,139.7694883942604,H,0.7507290244102478,0.005987159907817841,0.24328383803367615,H,0.03414623811841011,0.7388622760772705,0.00216696341522038,0.0012082156026735902,0.0045247916132211685,0.03704249486327171,0.06550735980272293,0.11654158681631088,-68.40431213378906,-35.24155807495117,0.03480635583400726
>vcn,K,132,0.35669252276420593,84.1794353723526,H,0.7943974733352661,0.00640461128205061,0.19919782876968384,H,0.03292660042643547,0.7544319033622742,0.0026181715074926615,0.0013826950453221798,0.0051748910918831825,0.02303319238126278,0.059811390936374664,0.12062130123376846,-70.8532943725586,-35.733726501464844,0.027791861444711685
>vcn,T,133,0.11696191877126694,20.117450028657913,H,0.8754276633262634,0.004593407269567251,0.1199789047241211,H,0.011399440467357635,0.8629868030548096,0.002872121287509799,0.0006892686942592263,0.0032049857545644045,0.014127102680504322,0.016456495970487595,0.08826375752687454,-67.33915710449219,-41.403812408447266,0.021676285192370415
>vcn,A,134,0.2961556911468506,38.204084157943726,H,0.9300263524055481,0.003644154639914632,0.06632950901985168,H,0.004706626757979393,0.9315118789672852,0.0017085071885958314,0.0003204953100066632,0.002229612087830901,0.005136249586939812,0.00888446718454361,0.04550222307443619,-64.46792602539062,-40.69862747192383,0.01587500050663948
>vcn,T,135,0.2906201481819153,49.98666548728943,H,0.9601704478263855,0.003928580321371555,0.03590095788240433,H,0.0031769515480846167,0.9599530100822449,0.002079587895423174,0.0003197692276444286,0.0024946988560259342,0.002507311524823308,0.006106564775109291,0.0233621746301651,-65.7659912109375,-42.64033126831055,0.011307387612760067
>vcn,I,136,0.03411334007978439,6.7203279957175255,H,0.986846387386322,0.001304849749431014,0.01184875424951315,H,0.001594243454746902,0.9818609952926636,0.0023579676635563374,9.37159129534848e-05,0.000992347253486514,0.0009916378185153008,0.002101187827065587,0.01000786293298006,-63.750465393066406,-45.071372985839844,0.00864934828132391
>vcn,V,137,0.103861965239048,18.071981951594353,H,0.993526816368103,0.0007072433363646269,0.005765971727669239,H,0.0009069946827366948,0.9908401370048523,0.0015727262943983078,5.47159397683572e-05,0.000446397956693545,0.00036347401328384876,0.0010204891441389918,0.004795092158019543,-62.737857818603516,-42.92353439331055,0.005799094680696726
>vcn,E,138,0.5139970779418945,114.62134838104248,H,0.9943068623542786,0.0006917962455190718,0.0050013717263937,H,0.0008300035842694342,0.992275059223175,0.0014432512689381838,3.7083274946780875e-05,0.0004972866736352444,0.00020339472393970937,0.001334508415311575,0.0033794650807976723,-62.92899703979492,-42.22320556640625,0.005167785100638866
>vcn,F,139,0.10470154136419296,25.12836992740631,H,0.9925177097320557,0.0005158894928172231,0.0069664581678807735,H,0.001110902288928628,0.9894223809242249,0.002265696879476309,3.77609467250295e-05,0.0003685453557409346,0.00032928099972195923,0.002574515761807561,0.0038908093702048063,-63.529136657714844,-43.67452621459961,0.004789665807038546
>vcn,L,140,0.026571255177259445,5.3408222906291485,H,0.9911732077598572,0.00033539204741828144,0.008491383865475655,H,0.0010275667300447822,0.9888225793838501,0.0017554021906107664,3.008367093570996e-05,0.00023186778707895428,0.0004971592570655048,0.0022593869362026453,0.005375847220420837,-62.52116775512695,-41.724422454833984,0.0035553730558604
>vcn,N,141,0.39476752281188965,76.97966694831848,H,0.9893807172775269,0.0004993891925550997,0.010119926184415817,H,0.0016725719906389713,0.9851729869842529,0.003312343265861273,6.26106484560296e-05,0.0002921814448200166,0.00045959316776134074,0.0029406542889773846,0.006087128072977066,-63.46885299682617,-40.70652770996094,0.006982817780226469
>vcn,R,142,0.4212351441383362,115.41842949390411,H,0.9810168147087097,0.0004963381215929985,0.018486909568309784,H,0.0020202596206218004,0.9784480333328247,0.0037373292725533247,6.899160507600754e-05,0.0003271090390626341,0.0007889352855272591,0.00666756322607398,0.007941790856420994,-65.11017608642578,-40.77324295043945,0.006215086672455072
>vcn,W,143,0.05914889648556709,16.85743549838662,H,0.9768623113632202,0.00034465984208509326,0.022792959585785866,H,0.0022245612926781178,0.9728743433952332,0.0044006831012666225,5.749935007770546e-05,0.00020743449567817152,0.0013432996347546577,0.008232353255152702,0.010659814812242985,-64.6057357788086,-41.95813751220703,0.007222342304885387
>vcn,I,144,0.07898800820112228,15.56063761562109,H,0.9744506478309631,0.0004952058079652488,0.025054192170500755,H,0.002496673259884119,0.9724442958831787,0.003721544984728098,0.00010229629697278142,0.0002564139140304178,0.0015889134956523776,0.005423426628112793,0.01396653987467289,-62.73776626586914,-41.66783905029297,0.007647039368748665
>vcn,T,145,0.4988761246204376,85.80669343471527,H,0.9606735110282898,0.0010662286076694727,0.03826022893190384,H,0.003998569678515196,0.9618576765060425,0.005361545365303755,0.0001384773786412552,0.0006406616885215044,0.0015542912296950817,0.009723121300339699,0.01672576367855072,-65.20654296875,-39.66026306152344,0.01088372990489006
>vcn,F,146,0.21003355085849762,50.40805220603943,H,0.9432703852653503,0.0009676587069407105,0.05576205998659134,H,0.005865711253136396,0.9417406916618347,0.008573673665523529,0.00019038420577999204,0.0005573860835283995,0.002457471564412117,0.02090853452682495,0.019706113263964653,-65.25887298583984,-41.019378662109375,0.01891447976231575
>vcn,C,147,0.030941011384129524,5.1671489011496305,H,0.9098774790763855,0.0006231216248124838,0.08949938416481018,H,0.007507971953600645,0.9165779948234558,0.005032808519899845,0.00016377802239730954,0.0003566218074411154,0.004243800882250071,0.0262238048017025,0.03989318013191223,-66.22404479980469,-37.64006805419922,0.013534171506762505
>vcn,Q,148,0.4176725745201111,93.976329267025,H,0.8691417574882507,0.0016880740877240896,0.12917010486125946,H,0.016939468681812286,0.8700051307678223,0.006491587031632662,0.0006110637914389372,0.000912495597731322,0.005776936654001474,0.038599930703639984,0.060663435608148575,-64.43228912353516,-36.861534118652344,0.03696637973189354
>vcn,S,149,0.5109817385673523,79.2021694779396,H,0.7919735908508301,0.0017363387160003185,0.2062901109457016,H,0.020706389099359512,0.8151119947433472,0.009589808993041515,0.0004855954903177917,0.0012254175962880254,0.010219715535640717,0.0680587962269783,0.07460231333971024,-68.1602783203125,-33.28905487060547,0.03423567861318588
>vcn,I,150,0.13943766057491302,27.469219133257866,H,0.776215672492981,0.0018532706890255213,0.2219310998916626,H,0.02456044964492321,0.7843303680419922,0.01363434363156557,0.0006712179165333509,0.0011513757053762674,0.0205051451921463,0.07047822326421738,0.08466886729001999,-71.83811950683594,-36.8939208984375,0.04377478361129761
>vcn,I,151,0.1631554663181305,32.14162686467171,H,0.6635531783103943,0.00514880521222949,0.3312980532646179,H,0.04056113585829735,0.6418626308441162,0.0118197500705719,0.0031823082827031612,0.002756287809461355,0.03793443366885185,0.08550245314836502,0.17638109624385834,-73.94300842285156,-29.02951431274414,0.06989911198616028
>vcn,S,152,0.6352196931838989,98.45905244350433,C,0.33478909730911255,0.004857388790696859,0.6603534817695618,C,0.05495153367519379,0.31027576327323914,0.004079051781445742,0.0026867548003792763,0.003395294537767768,0.04893892630934715,0.17029820382595062,0.4053744375705719,-73.51309204101562,-17.08901023864746,0.14289963245391846
>vcn,T,153,0.5957809686660767,102.47432661056519,C,0.1932719647884369,0.007343880366533995,0.7993841767311096,C,0.05019442364573479,0.1697566658258438,0.005007861647754908,0.005125441588461399,0.00534773338586092,0.10325967520475388,0.19475577771663666,0.4665524363517761,-89.53236389160156,-5.544887065887451,0.2605817914009094
>vcn,L,154,0.37498992681503296,75.37297528982162,C,0.05541372671723366,0.012138218618929386,0.9324480891227722,C,0.012422301806509495,0.035308320075273514,0.00117253337521106,0.008093608543276787,0.006507923826575279,0.062152206897735596,0.05915346369147301,0.8151897192001343,-91.34178161621094,58.30556869506836,0.4365603029727936
>vcn,T,155,0.6112730503082275,105.13896465301514,C,0.005128584336489439,0.002297367202118039,0.9925739765167236,C,0.0013344900216907263,0.002651792485266924,6.452941306633875e-05,0.0011960226111114025,0.0012695565819740295,0.030193809419870377,0.018647868186235428,0.9446420073509216,-91.72506713867188,79.70134735107422,0.5169804692268372
